cuenta_nombre,tipo_eeff_propuesto,signo_propuesto,tipo_eeff_correcto,signo_correcto,notas
AJUSTE A RESULTADO DEVENGADO ACUMULADO,patrimonio,1,,,
AJUSTE A RESULTADO DEVENGADO ACUMULADO (+),patrimonio,1,,,
AUMENTO (DISMINUCIÓN) NETO DE EFECTIVO Y EFECTIVO EQUIVALENTE,activo,1,,,
AUMENTO (DISMINUCIÓN) NETO DE EFECTIVO Y EFECTIVO EQUIVALENTE (+ Ó -),activo,1,,,
Abono a pérdida devengada acumulada,gasto_no_operacional,-1,,,
Abono a pérdida devengada acumulada (+),gasto_no_operacional,-1,,,
Abono a pérdida devengada acumulada (más),gasto_no_operacional,-1,,,
Acciones,otro,1,,,
Acciones de sociedades anónimas abiertas,otro,1,,,
Acciones de sociedades anónimas inmobiliarias y concesionarias,otro,1,,,
Acciones no registradas,otro,1,,,
Activos corrientes,activo,1,,,
Activos financieros a costo amortizado,gasto_operacional,-1,,,
Activos financieros a costo amortizado (+),gasto_operacional,-1,,,
Activos financieros a valor razonable con efecto en otros resultados integrales,activo,1,,,
Activos financieros a valor razonable con efecto en otros resultados integrales (+),activo,1,,,
Activos financieros a valor razonable con efecto en resultados,activo,1,,,
Activos financieros a valor razonable con efecto en resultados (+),activo,1,,,
Activos financieros a valor razonable con efecto en resultados entregados en garantia,activo,1,,,
Activos financieros a valor razonable con efecto en resultados entregados en garantía,activo,1,,,
Activos financieros a valor razonable con efecto en resultados entregados en garantía (+),activo,1,,,
Activos no corrientes,activo,1,,,
Adiciones,otro,1,,,
Ajuste a Resultados Acumulados,patrimonio,1,,,
Ajuste a resultado devengado acumulado,patrimonio,1,,,
Ajustes  provenientes  de  inversiones  valorizadas  por  el  método  de  la  participación (+ ó -),activo,1,,,
Ajustes de inversiones valorizadas por el método de la participación,activo,1,,,
Ajustes por Conversión,otro,1,,,
Ajustes por Conversión (+ o -),otro,1,,,
Ajustes por Conversión (+ ó -),otro,1,,,
Ajustes por conversión,otro,1,,,
Ajustes por conversión (pasivos en Pesos Chilenos),pasivo,-1,,,
Ajustes provenientes de inversiones valorizadas por el método de la participación,activo,1,,,
Ajustes provenientes de inversiones valorizadas por el método de la participación (+ o -),activo,1,,,
Ajustes provenientes de inversiones valorizadas por el método de la participación (+ ó -),activo,1,,,
Aportes,otro,1,,,
Aportes (+),otro,1,,,
Aportes M$,otro,1,,,
Aportes del ejercicio,otro,1,,,
Arriendo de bienes raíces,otro,1,,,
Arriendo de bienes raíces (+),otro,1,,,
Arriendos devengados de bienes raíces,otro,1,,,
Arriendos devengados de bienes raíces (+),otro,1,,,
Asesoría Técnica,otro,1,,,
Asesoría técnica,otro,1,,,
Asesorías Legales y Market Maker,otro,1,,,
Asesorías legales,otro,1,,,
Asesorías técnica,otro,1,,,
Auditorías,otro,1,,,
Aumento (disminución),otro,1,,,
Aumento (disminución) *,otro,1,,,
Aumento (disminución) neto por otros cambios a costo amortizado,gasto_operacional,-1,,,
Aumento (disminución) neto por otros cambios valor razonable,otro,1,,,
BENEFICIO NETO PERCIBIDO ACUMULADO DE EJERCICIOS ANTERIORES,otro,1,,,
BENEFICIO NETO PERCIBIDO ACUMULADO DE EJERCICIOS ANTERIORES (+ Ó -),otro,1,,,
BENEFICIO NETO PERCIBIDO EN EL EJERCICIO,otro,1,,,
BENEFICIO NETO PERCIBIDO EN EL EJERCICIO (+ Ó -),otro,1,,,
Bajas,otro,1,,,
Beneficio neto percibido acumulado de ejercicios anteriores,otro,1,,,
Beneficio neto percibido en el ejercicio,otro,1,,,
Bienes raíces,otro,1,,,
Bonos no registrados,otro,1,,,
Bonos registrados,otro,1,,,
Cambios  netos  en  valor  razonable  de  activos  financieros  y  pasivos  financieros  a  valor  razonable  con  efecto  en  resultados (+ ó -),activo,1,,,
Cambios contables,otro,1,,,
Cambios contables (+ ó -),otro,1,,,
Cambios netos en valor razonable de activos financieros y pasivos a valor razonable con efecto en resultados,activo,1,,,
Cambios netos en valor razonable de activos financieros y pasivos financieros a valor razonable con efecto en resultados,activo,1,,,
Cambios netos en valor razonable de activos financieros y pasivos financieros a valor razonable con efecto en resultados (+ o -),activo,1,,,
Cambios netos en valor razonable de activos financieros y pasivos financieros a valor razonable con efecto en resultados (+ ó -),activo,1,,,
Cartera créditos y,pasivo,-1,,,
Cartera de créditos o de cobranzas,pasivo,-1,,,
Cartera de créditos y cobranza,pasivo,-1,,,
Cartera de créditos y cobranza emitidos,pasivo,-1,,,
Cartera de inversiones - Bienes raíces,activo,1,,,
Cartera de inversiones - Otras inversiones,activo,1,,,
Carteras de crédito o de cobranzas,pasivo,-1,,,
Certificados de depósito de valores (CDV),otro,1,,,
Certificados de depósitos de valores,otro,1,,,
Cobertura de Flujo de Caja,activo,1,,,
Cobertura de Flujo de Caja (+),activo,1,,,
Cobertura de Flujo de Caja M$,activo,1,,,
Cobranza de cuentas y documentos por cobrar,otro,1,,,
Cobranza de cuentas y documentos por cobrar (+),otro,1,,,
Cobro de arrendamiento de bienes raíces,otro,1,,,
Cobro de arrendamiento de bienes raíces (+),otro,1,,,
Comisiones Bancarias,otro,1,,,
Comisiones bancarias,otro,1,,,
Comisión de administración,gasto_operacional,-1,,,
Comisión de administración (-),gasto_operacional,-1,,,
Comisión de administradora,gasto_operacional,-1,,,
Comisión de la sociedad administradora,gasto_operacional,-1,,,
Comisión de la sociedad administradora (-),gasto_operacional,-1,,,
Compra de activos Financieros,activo,1,,,
Compra de activos financieros,activo,1,,,
Compra de activos financieros (-),activo,1,,,
Compras,otro,1,,,
Conversión,otro,1,,,
Conversión M$,otro,1,,,
Costos Financieros,gasto_operacional,-1,,,
Costos Financieros (-),gasto_operacional,-1,,,
Costos de transacción,gasto_operacional,-1,,,
Costos de transacción (-),gasto_operacional,-1,,,
Costos financieros,gasto_operacional,-1,,,
Costos financieros (-),gasto_operacional,-1,,,
Cuenta por cobrar a Credicorp,otro,1,,,
Cuenta por cobrar a Inmob. Chañarcillo Ltda.,otro,1,,,
Cuenta por cobrar a Inmob. VC,otro,1,,,
Cuenta por cobrar a Inmob. VC Ltda.,otro,1,,,
Cuenta por cobrar a Inmosa S.A.,otro,1,,,
Cuenta por cobrar a Viña Centro,otro,1,,,
Cuenta por pagar a Credicorp,otro,1,,,
Cuentas por Cobrar,otro,1,,,
Cuentas por Cobrar Chañarcillo Empresa Relacionada,otro,1,,,
Cuentas por Cobrar Chañarcillo Ltda.,otro,1,,,
Cuentas por Cobrar Inmobiliaria VC,otro,1,,,
Cuentas por Cobrar Inmosa,otro,1,,,
Cuentas por Cobrar Inmosa Empresa Relacionada,otro,1,,,
Cuentas por Cobrar Power Center Curico,otro,1,,,
Cuentas por Cobrar Power Center Curicó,otro,1,,,
Cuentas por Cobrar Power Center Empresa Relacionada,otro,1,,,
Cuentas por Cobrar a Inmosa S.A.,otro,1,,,
Cuentas por pagar EERR,otro,1,,,
Cuentas por pagar empresas relacionadas,otro,1,,,
Cuentas y documentos por cobrar por operaciones,otro,1,,,
Cuentas y documentos por cobrar por operaciones (+),otro,1,,,
Cuentas y documentos por pagar por operaciones,otro,1,,,
Cuentas y documentos por pagar por operaciones (+),otro,1,,,
Cuotas de Fondos Mutuos,otro,1,,,
Cuotas de Fondos de Inversión,otro,1,,,
Cuotas de fondos de,otro,1,,,
Cuotas de fondos de inversión,otro,1,,,
Cuotas de fondos de inversión de,otro,1,,,
Cuotas de fondos de inversión privados,otro,1,,,
Cuotas de fondos mutuos,otro,1,,,
Cuotas de inversión privadas,otro,1,,,
Cuotas en Fondos Mutuos,otro,1,,,
Cuotas en fondos mutuos tipo 1,otro,1,,,
DCV registros,otro,1,,,
DIVIDENDOS PROVISORIOS,ingreso_operacional,1,,,
DIVIDENDOS PROVISORIOS (-),ingreso_operacional,1,,,
DIVIDENDOS PROVISORIOS (menos),ingreso_operacional,1,,,
Depreciaciones,gasto_operacional,-1,,,
Depreciaciones (-),gasto_operacional,-1,,,
Depósitos a plazo,otro,1,,,
Depósitos a plazo y otros títulos de bancos e instituciones financieras,activo,1,,,
Derechos por,otro,1,,,
Derechos por operaciones con,otro,1,,,
Derechos por operaciones con instrumentos derivados,otro,1,,,
Derechos preferentes de suscripción de acciones,otro,1,,,
Derechos preferentes de suscripción de acciones de sociedades anónimas abiertas,otro,1,,,
Deuda de operaciones de leasing,pasivo,-1,,,
Deudores por operaciones de leasing,activo,1,,,
Diferencias  de  cambio  netas  sobre  activos  financieros  a  costo  amortizado (+ ó -),gasto_operacional,-1,,,
Diferencias de cambio,otro,1,,,
Diferencias de cambio (+ ó -),otro,1,,,
Diferencias de cambio netas sobre activos financieros a costo amortizado,gasto_operacional,-1,,,
Diferencias de cambio netas sobre activos financieros a costo amortizado (+ o -),gasto_operacional,-1,,,
Diferencias de cambio netas sobre activos financieros a costo amortizado (+ ó -),gasto_operacional,-1,,,
Diferencias de cambio netas sobre efectivo y efectivo equivalente,activo,1,,,
Diferencias de cambio netas sobre efectivo y efectivo equivalente (+ o -),activo,1,,,
Diferencias de cambio netas sobre efectivo y efectivo equivalente (+ ó -),activo,1,,,
Diferencias de cambios netas sobre activos financieros a costo amortizado,gasto_operacional,-1,,,
Disminucion de patrimonio,patrimonio,1,,,
Disminución de patrimonio,patrimonio,1,,,
Distribución de resultado,patrimonio,1,,,
Distribución de resultado ejercicio anterior,patrimonio,1,,,
Dividendos,ingreso_operacional,1,,,
Dividendos Provisorios,ingreso_operacional,1,,,
Dividendos Provisorios (-),ingreso_operacional,1,,,
Dividendos Provisorios M$,ingreso_operacional,1,,,
Dividendos definitivos declarados,ingreso_operacional,1,,,
Dividendos definitivos declarados (-),ingreso_operacional,1,,,
Dividendos definitivos declarados (menos),ingreso_operacional,1,,,
Dividendos devengados,ingreso_operacional,1,,,
Dividendos devengados (+),ingreso_operacional,1,,,
Dividendos percibidos,ingreso_operacional,1,,,
Dividendos percibidos (+),ingreso_operacional,1,,,
Dividendos provisorios,ingreso_operacional,1,,,
Dividendos provisorios (-),ingreso_operacional,1,,,
Dividendos provisorios (menos),ingreso_operacional,1,,,
Dividendos provisorios a pagar,ingreso_operacional,1,,,
Dividendos recibidos,ingreso_operacional,1,,,
Dividendos recibidos (+),ingreso_operacional,1,,,
Efectivo en Banco,activo,1,,,
Efectivo en banco,activo,1,,,
Efectivo y efectivo equivalente,activo,1,,,
Efectivo y efectivo equivalente (+),activo,1,,,
Efectivo y equivalentes al efectivo,activo,1,,,
Efectos comercio no,otro,1,,,
Efectos de comercio,otro,1,,,
Efectos de comercio no registrados,otro,1,,,
Efectos de las Variaciones sobre el Efectivo y Equivalentes al Efectivo,activo,1,,,
Efectos de las Variaciones sobre el efectivo y equivalentes al efectivo,activo,1,,,
Enajenación de Certificados de Depósito de Valores,otro,1,,,
Enajenación de Certificados de Depósitos de Valores,otro,1,,,
Enajenación de Certificados de Depósitos de Valores (+ ó -),otro,1,,,
Enajenación de acciones de sociedades anónimas,otro,1,,,
Enajenación de acciones de sociedades anónimas (+ ó -),otro,1,,,
Enajenación de bienes raíces,otro,1,,,
Enajenación de bienes raíces (+ ó -),otro,1,,,
Enajenación de cuotas de Fondos de inversión,otro,1,,,
Enajenación de cuotas de Fondos mutuos,otro,1,,,
Enajenación de cuotas de fondos de inversión,otro,1,,,
Enajenación de cuotas de fondos de inversión (+ ó -),otro,1,,,
Enajenación de cuotas de fondos mutuos,otro,1,,,
Enajenación de cuotas de fondos mutuos (+ ó -),otro,1,,,
Enajenación de cuotas o derechos en comunidades sobre bienes muebles,otro,1,,,
Enajenación de cuotas o derechos en comunidades sobre bienes muebles (+ ó -),otro,1,,,
Enajenación de cuotas o derechos en comunidades sobre bienes raíces,otro,1,,,
Enajenación de títulos de deuda,pasivo,-1,,,
Enajenación de títulos de deuda (+ ó -),pasivo,-1,,,
FI Toesca Rentas Apoquindo,ingreso_operacional,1,,,
FI Toesca Rentas PT,ingreso_operacional,1,,,
FLUJO NETO ORIGINADO POR ACTIVIDADES DE FINANCIAMIENTO,otro,1,,,
FLUJO NETO ORIGINADO POR ACTIVIDADES DE FINANCIAMIENTO (+ Ó -),otro,1,,,
FLUJO NETO ORIGINADO POR ACTIVIDADES DE INVERSIÓN,otro,1,,,
FLUJO NETO ORIGINADO POR ACTIVIDADES DE INVERSIÓN (+ Ó -),otro,1,,,
FLUJO NETO ORIGINADO POR ACTIVIDADES DE LA OPERACIÓN,otro,1,,,
FLUJO NETO ORIGINADO POR ACTIVIDADES DE LA OPERACIÓN (+ Ó -),otro,1,,,
Fluctuación Fondos Mutuos Money Market,otro,1,,,
Fluctuación de cuotas ffmm money market,otro,1,,,
Flujos  de  efectivo  Netos  procedentes  de  actividades  de  Operación,activo,1,,,
Flujos  de  efectivo  netos  procedentes  de  actividades  de  inversión,activo,1,,,
Flujos de efectivo Netos procedentes de actividades de Inversión,activo,1,,,
Flujos de efectivo Netos procedentes de actividades de Operación,activo,1,,,
Flujos de efectivo netos procedentes de actividades de inversión,activo,1,,,
Flujos de efectivos Netos procedentes de actividades de Financiamiento,activo,1,,,
Flujos de efectivos Netos procedentes de actividades de financiamiento,activo,1,,,
GASTOS DEL EJERCICIO,gasto_operacional,-1,,,
GASTOS DEL EJERCICIO (-),gasto_operacional,-1,,,
GASTOS DEL EJERCICIO - Comisión de administradora,gasto_operacional,-1,,,
GASTOS DEL EJERCICIO - Gastos operacionales de cargo del fondo,gasto_operacional,-1,,,
GASTOS DEL EJERCICIO - Otros gastos,gasto_operacional,-1,,,
GASTOS DEL EJERCICIO - Remuneración Comité de Vigilancia,gasto_operacional,-1,,,
Gasto Remuneración Sociedad Administradora,gasto_operacional,-1,,,
Gasto Remuneración fija Sociedad Administradora,gasto_operacional,-1,,,
Gasto Remuneración variable Sociedad Administradora,gasto_operacional,-1,,,
Gasto remuneración Sociedad Administradora,gasto_operacional,-1,,,
Gasto remuneración fija AGF,gasto_operacional,-1,,,
Gasto remuneración variable AGF,gasto_operacional,-1,,,
Gastos de operación fondo,gasto_operacional,-1,,,
Gastos del ejercicio,gasto_operacional,-1,,,
Gastos del ejercicio (-),gasto_operacional,-1,,,
Gastos del ejercicio (menos),gasto_operacional,-1,,,
Gastos operacionales de cargo del Fondo,gasto_operacional,-1,,,
Gastos operacionales de cargo del fondo,gasto_operacional,-1,,,
Gastos operacionales de cargo del fondo (-),gasto_operacional,-1,,,
Gastos operacionales del fondo,gasto_operacional,-1,,,
Honorarios por custodia y administración,gasto_operacional,-1,,,
Honorarios por custodia y administración (-),gasto_operacional,-1,,,
INGRESOS/(PÉRDIDAS) NETOS DE LA OPERACION (+ o -),ingreso_operacional,1,,,
Impuesto a las ganancias por inversiones en el exterior,activo,1,,,
Impuesto a las ganancias por inversiones en el exterior (-),activo,1,,,
Información por segmento,otro,1,,,
Ingreso por arriendo de bienes raíces,ingreso_operacional,1,,,
Ingreso por arriendo de bienes raíces (+),ingreso_operacional,1,,,
Ingresos anticipados,ingreso_operacional,1,,,
Ingresos anticipados (+),ingreso_operacional,1,,,
Ingresos por arriendo de bienes raíces,ingreso_operacional,1,,,
Ingresos por dividendos,ingreso_operacional,1,,,
Ingresos por dividendos (+),ingreso_operacional,1,,,
Inmobiliaria Chañarcillo,otro,1,,,
Inmobiliaria Chañarcillo Limitada.,otro,1,,,
Inmobiliaria Chañarcillo Ltda,otro,1,,,
Inmobiliaria Chañarcillo Ltda.,otro,1,,,
Inmobiliaria Chañarcillo Ltda. - Activos corrientes,activo,1,,,
Inmobiliaria Chañarcillo Ltda. - Activos no corrientes,activo,1,,,
Inmobiliaria Chañarcillo Ltda. - Pasivos corrientes,pasivo,-1,,,
Inmobiliaria Chañarcillo Ltda. - Pasivos no corrientes,pasivo,-1,,,
Inmobiliaria Chañarcillo Ltda. - Patrimonio,patrimonio,1,,,
Inmobiliaria Chañarcillo Ltda. - Resultado del ejercicio,patrimonio,1,,,
Inmobiliaria Chañarcillo Ltda. - Total activos,activo,1,,,
Inmobiliaria Chañarcillo Ltda. - Total gastos,gasto_operacional,-1,,,
Inmobiliaria Chañarcillo Ltda. - Total ingresos,ingreso_operacional,1,,,
Inmobiliaria Chañarcillo Ltda. - Total pasivos,pasivo,-1,,,
Inmobiliaria Chañarcillo Ltda.(*),otro,1,,,
Inmobiliaria Machalí,otro,1,,,
Inmobiliaria Machalí Limitada,otro,1,,,
Inmobiliaria Machalí Ltda.,otro,1,,,
Inmobiliaria Machalí Ltda. - Activos corrientes,activo,1,,,
Inmobiliaria Machalí Ltda. - Activos no corrientes,activo,1,,,
Inmobiliaria Machalí Ltda. - Pasivos corrientes,pasivo,-1,,,
Inmobiliaria Machalí Ltda. - Pasivos no corrientes,pasivo,-1,,,
Inmobiliaria Machalí Ltda. - Patrimonio,patrimonio,1,,,
Inmobiliaria Machalí Ltda. - Resultado del ejercicio,patrimonio,1,,,
Inmobiliaria Machalí Ltda. - Total activos,activo,1,,,
Inmobiliaria Machalí Ltda. - Total gastos,gasto_operacional,-1,,,
Inmobiliaria Machalí Ltda. - Total ingresos,ingreso_operacional,1,,,
Inmobiliaria Machalí Ltda. - Total pasivos,pasivo,-1,,,
Inmobiliaria Senior Assist,otro,1,,,
Inmobiliaria VC SpA,otro,1,,,
Inmobiliaria VC SpA - Activos corrientes,activo,1,,,
Inmobiliaria VC SpA - Activos no corrientes,activo,1,,,
Inmobiliaria VC SpA - Pasivos corrientes,pasivo,-1,,,
Inmobiliaria VC SpA - Pasivos no corrientes,pasivo,-1,,,
Inmobiliaria VC SpA - Patrimonio,patrimonio,1,,,
Inmobiliaria VC SpA - Resultado del ejercicio,patrimonio,1,,,
Inmobiliaria VC SpA - Total activos,activo,1,,,
Inmobiliaria VC SpA - Total gastos,gasto_operacional,-1,,,
Inmobiliaria VC SpA - Total ingresos,ingreso_operacional,1,,,
Inmobiliaria VC SpA - Total pasivos,pasivo,-1,,,
Inmobiliaria e Inversiones Senior Assist,activo,1,,,
Inmobiliaria e Inversiones Senior Assist S.A.,activo,1,,,
Inmobiliaria e Inversiones Senior Assist S.A. - Activos corrientes,activo,1,,,
Inmobiliaria e Inversiones Senior Assist S.A. - Activos no corrientes,activo,1,,,
Inmobiliaria e Inversiones Senior Assist S.A. - Pasivos corrientes,activo,1,,,
Inmobiliaria e Inversiones Senior Assist S.A. - Pasivos no corrientes,activo,1,,,
Inmobiliaria e Inversiones Senior Assist S.A. - Patrimonio,activo,1,,,
Inmobiliaria e Inversiones Senior Assist S.A. - Resultado del ejercicio,activo,1,,,
Inmobiliaria e Inversiones Senior Assist S.A. - Total activos,activo,1,,,
Inmobiliaria e Inversiones Senior Assist S.A. - Total gastos,gasto_operacional,-1,,,
Inmobiliaria e Inversiones Senior Assist S.A. - Total ingresos,ingreso_operacional,1,,,
Inmobiliaria e Inversiones Senior Assist S.A. - Total pasivos,activo,1,,,
Inmosa S.A.,otro,1,,,
Intereses,otro,1,,,
Intereses Devengados,otro,1,,,
Intereses devengados de títulos de deuda,pasivo,-1,,,
Intereses devengados de títulos de deuda (+),pasivo,-1,,,
Intereses pagados sobre devengo Pagaré Inmob. Chañarcillo,otro,1,,,
Intereses pagados sobre devengo Pagaré Inmobiliaria VC,otro,1,,,
Intereses pagados sobre devengo Pagaré Inmosa,otro,1,,,
Intereses percibidos,otro,1,,,
Intereses percibidos en títulos de deuda,pasivo,-1,,,
Intereses percibidos en títulos de deuda (+),pasivo,-1,,,
Intereses y reajustes,otro,1,,,
Intereses y reajustes (+),otro,1,,,
"Intereses, diferencias de cambio y reajuste recibidos",otro,1,,,
"Intereses, diferencias de cambio y reajustes recibidos",otro,1,,,
"Intereses, diferencias de cambio y reajustes recibidos (+ ó -)",otro,1,,,
Inversiones método de la participación M$,activo,1,,,
Inversiones valorizadas por el método de la participación,activo,1,,,
Inversiones valorizadas por el método de la participación (+),activo,1,,,
Inversiones valorizadas por el método de participación,activo,1,,,
Letras de créditos de bancos,activo,1,,,
Letras de créditos de bancos e instituciones financieras,activo,1,,,
Liquidación de instrumentos financieros derivados,otro,1,,,
Liquidación de instrumentos financieros derivados (+ ó -),otro,1,,,
MONTO SUSCEPTIBLE DE DISTRIBUIR,otro,1,,,
MONTO SUSCEPTIBLE DE DISTRIBUIR (+ Ó -),otro,1,,,
Mayor Valor de Inversión,otro,1,,,
Monto por cuota ($),otro,1,,,
Monto susceptible de distribuir,otro,1,,,
Monto total distribuido (M$),otro,1,,,
Movimiento de los activos a costo amortizado,gasto_operacional,-1,,,
Movimiento de los activos a costo amortizado - Compras,gasto_operacional,-1,,,
Movimiento de los activos a costo amortizado - Intereses percibidos,gasto_operacional,-1,,,
Movimiento de los activos a costo amortizado - Intereses y reajustes,gasto_operacional,-1,,,
Movimiento de los activos a costo amortizado - Saldo inicial al 1 de enero,gasto_operacional,-1,,,
Movimiento de los activos a costo amortizado - Total (pérdidas) / ganancias,gasto_operacional,-1,,,
Movimiento de los activos a costo amortizado - Ventas,ingreso_operacional,1,,,
Movimiento de los activos a valor razonable con efecto en resultados,activo,1,,,
Mutuos hipotecarios,otro,1,,,
Mutuos hipotecarios endosables,otro,1,,,
Obtención de préstamos,pasivo,-1,,,
Obtención de préstamos (+),pasivo,-1,,,
Otras,otro,1,,,
Otras Cuentas por Pagar,otro,1,,,
Otras M$,otro,1,,,
Otras Reservas,patrimonio,1,,,
Otras Reservas (+ ó -),patrimonio,1,,,
Otras Reservas M$,patrimonio,1,,,
Otras cuentas por pagar,otro,1,,,
Otras inversiones,activo,1,,,
Otras inversiones y operaciones,activo,1,,,
Otras inversiones y operaciones (+ ó -),activo,1,,,
Otras inversiones y operaciones (+),activo,1,,,
Otras inversiones y operaciones (-),activo,1,,,
Otras reservas,patrimonio,1,,,
Otras reservas (+ ó -),patrimonio,1,,,
Otros,otro,1,,,
Otros (+ o -),otro,1,,,
Otros (+ ó -),otro,1,,,
Otros Ajustes al Patrimonio Neto,patrimonio,1,,,
Otros Ajustes al Patrimonio Neto (+ o -),patrimonio,1,,,
Otros Ajustes al Patrimonio Neto (+ ó -),patrimonio,1,,,
Otros Gastos Computacionales,gasto_operacional,-1,,,
Otros Ingresos,ingreso_operacional,1,,,
Otros Movimientos,otro,1,,,
Otros Pasivos Financieros,pasivo,-1,,,
Otros Pasivos Financieros (+),pasivo,-1,,,
Otros activos,activo,1,,,
Otros activos (+),activo,1,,,
Otros ajustes al patrimonio neto,patrimonio,1,,,
Otros cambios netos en el valor razonable sobre activos designados al inicio a costo amortizado,gasto_operacional,-1,,,
Otros cambios netos en el valor razonable sobre activos designados al inicio a valor razonable con efecto en resultados,activo,1,,,
Otros cambios netos en el valor razonable sobre activos financieros a costo amortizado,gasto_operacional,-1,,,
Otros cambios netos en el valor razonable sobre activos financieros a costo amortizado (incluyendo los designados al inicio),gasto_operacional,-1,,,
Otros cambios netos en el valor razonable sobre activos financieros a valor razonable con efecto en resultados,activo,1,,,
Otros cambios netos en el valor razonable sobre activos financieros a valor razonable con efecto en resultados (incluyendo los designados al inicio),activo,1,,,
Otros cambios netos sobre activos financieros a costo amortizado,gasto_operacional,-1,,,
Otros cambios netos sobre activos financieros a costo amortizado (incluyendo los designados al inicio),gasto_operacional,-1,,,
Otros documentos y cuentas por cobrar,otro,1,,,
Otros documentos y cuentas por cobrar (+),otro,1,,,
Otros documentos y cuentas por cobrar por operaciones,otro,1,,,
Otros documentos y cuentas por pagar,otro,1,,,
Otros documentos y cuentas por pagar (+),otro,1,,,
Otros gastos,gasto_operacional,-1,,,
Otros gastos (-),gasto_operacional,-1,,,
Otros gastos de inversión pagados,gasto_operacional,-1,,,
Otros gastos de inversión pagados (-),gasto_operacional,-1,,,
Otros gastos de la operación pagados,gasto_operacional,-1,,,
Otros gastos de operación,gasto_operacional,-1,,,
Otros gastos de operación (-),gasto_operacional,-1,,,
Otros gastos de operación pagados,gasto_operacional,-1,,,
Otros gastos de operación pagados (-),gasto_operacional,-1,,,
Otros ingresos de inversión percibidos,ingreso_operacional,1,,,
Otros ingresos de inversión percibidos (+),ingreso_operacional,1,,,
Otros ingresos de la operación percibidos,ingreso_operacional,1,,,
Otros ingresos de operación percibidos,ingreso_operacional,1,,,
Otros ingresos de operación percibidos (+),ingreso_operacional,1,,,
Otros ingresos/pérdida,ingreso_operacional,1,,,
Otros ingresos/pérdida de la operación,ingreso_operacional,1,,,
Otros movimientos,otro,1,,,
Otros movimientos (+ ó -),otro,1,,,
Otros pasivos,pasivo,-1,,,
Otros pasivos (+),pasivo,-1,,,
Otros pasivos financieros,pasivo,-1,,,
Otros pasivos financieros obtenidos,pasivo,-1,,,
Otros pasivos financieros obtenidos (+),pasivo,-1,,,
Otros resultados integrales,patrimonio,1,,,
Otros resultados integrales (+ ó -),patrimonio,1,,,
Otros títulos de deuda,pasivo,-1,,,
Otros títulos de deuda no,pasivo,-1,,,
Otros títulos de deuda no registrados,pasivo,-1,,,
Otros títulos de renta variable,ingreso_operacional,1,,,
Otros valores o instrumentos,otro,1,,,
Otros valores o instrumentos autorizados,otro,1,,,
PERDIDA NO REALIZADA DE INVERSIONES,activo,1,,,
PERDIDA NO REALIZADA DE INVERSIONES (-),activo,1,,,
PERDIDA NO REALIZADA DE INVERSIONES - Otras inversiones y operaciones,activo,1,,,
PERDIDA NO REALIZADA DE INVERSIONES - Valorización de títulos de deuda,activo,1,,,
Pago a aportantes,otro,1,,,
Pago de cuentas y documentos por pagar,otro,1,,,
Pago de cuentas y documentos por pagar (-),otro,1,,,
Pago de intereses devengados por pagarés con entidades subsidiarias,otro,1,,,
Pago de préstamos,pasivo,-1,,,
Pago de préstamos (-),pasivo,-1,,,
Pago pendiente a Inmobiliaria Chañarcillo,otro,1,,,
Pago pendiente a Inmobiliaria Chañarcillo Ltda.,otro,1,,,
Pagos de otros pasivos financieros,pasivo,-1,,,
Pagos de otros pasivos financieros (-),pasivo,-1,,,
Participación en otros resultados integrales,patrimonio,1,,,
Participación en resultados,patrimonio,1,,,
Participación otros no resultados integrales,patrimonio,1,,,
Pasivos corrientes,pasivo,-1,,,
Pasivos financieros a valor razonable con efecto en resultados,pasivo,-1,,,
Pasivos financieros a valor razonable con efecto en resultados (+),pasivo,-1,,,
Pasivos no corrientes,pasivo,-1,,,
Patrimonio,patrimonio,1,,,
Patrimonio M$,patrimonio,1,,,
Patrimonio Serie A,patrimonio,1,,,
Patrimonio Serie C,patrimonio,1,,,
Patrimonio Serie I,patrimonio,1,,,
Patrimonio Serie WM,patrimonio,1,,,
Por pérdida devengada en el ejercicio,gasto_no_operacional,-1,,,
Por pérdida devengada en el ejercicio (+),gasto_no_operacional,-1,,,
Por pérdida devengada en el ejercicio (más),gasto_no_operacional,-1,,,
Por utilidad devengada en el ejercicio,patrimonio,1,,,
Por utilidad devengada en el ejercicio (+),patrimonio,1,,,
Por utilidad devengada en el ejercicio (más),patrimonio,1,,,
Power Center Curicó SpA,otro,1,,,
Power Center Curicó SpA (*),otro,1,,,
Power Center Curicó SpA (**),otro,1,,,
Power Center Curicó SpA - Activos corrientes,activo,1,,,
Power Center Curicó SpA - Activos no corrientes,activo,1,,,
Power Center Curicó SpA - Pasivos corrientes,pasivo,-1,,,
Power Center Curicó SpA - Pasivos no corrientes,pasivo,-1,,,
Power Center Curicó SpA - Patrimonio,patrimonio,1,,,
Power Center Curicó SpA - Resultado del ejercicio,patrimonio,1,,,
Power Center Curicó SpA - Total activos,activo,1,,,
Power Center Curicó SpA - Total gastos,gasto_operacional,-1,,,
Power Center Curicó SpA - Total ingresos,ingreso_operacional,1,,,
Power Center Curicó SpA - Total pasivos,pasivo,-1,,,
Primas opciones,otro,1,,,
Primas por opciones,otro,1,,,
Propiedades de Inversión,otro,1,,,
Propiedades de Inversión (+),otro,1,,,
Propiedades de inversión,otro,1,,,
Provisión Auditoria,otro,1,,,
Provisión Comité Vigilancia,otro,1,,,
Provisión Servicios DCV,otro,1,,,
Provisión Valorizadores,otro,1,,,
Proyectos en desarrollo,otro,1,,,
Préstamos,pasivo,-1,,,
Préstamos (+),pasivo,-1,,,
PÉRDIDA DEVENGADA ACUMULADA,gasto_no_operacional,-1,,,
PÉRDIDA DEVENGADA ACUMULADA (-),gasto_no_operacional,-1,,,
PÉRDIDA NO REALIZADA DE INVERSIONES,gasto_no_operacional,-1,,,
PÉRDIDA NO REALIZADA DE INVERSIONES (-),gasto_no_operacional,-1,,,
Pérdida devengada acumulada (menos),gasto_no_operacional,-1,,,
Pérdida devengada acumulada inicial,gasto_no_operacional,-1,,,
Pérdida devengada acumulada inicial (-),gasto_no_operacional,-1,,,
Pérdida devengada acumulada inicial (menos),gasto_no_operacional,-1,,,
Pérdida devengada acumulada realizada en ejercicio,gasto_no_operacional,-1,,,
Pérdida devengada acumulada realizada en ejercicio (-),gasto_no_operacional,-1,,,
Pérdida devengada acumulada realizada en ejercicio (menos),gasto_no_operacional,-1,,,
Pérdida no realizada de inversiones,gasto_no_operacional,-1,,,
Pérdida no realizada de inversiones (-),gasto_no_operacional,-1,,,
Póliza Seguro de,otro,1,,,
RESULTADO DEL EJERCICIO,patrimonio,1,,,
RESULTADO DEL EJERCICIO (+ o -),patrimonio,1,,,
RESULTADO DEL EJERCICIO (+ Ó -),patrimonio,1,,,
RESULTADO NETO DEL EJERCICIO,patrimonio,1,,,
RESULTADO NETO DEL EJERCICIO (+ Ó -),patrimonio,1,,,
Reajustes,otro,1,,,
Reajustes Devengados,otro,1,,,
Realizados,otro,1,,,
Remuneraciones sociedad administradora,gasto_operacional,-1,,,
Remuneraciones sociedad administradora (+),gasto_operacional,-1,,,
Remuneración Comité Vigilancia,otro,1,,,
Remuneración Comité de Vigilancia,otro,1,,,
Remuneración Sociedad Administradora,gasto_operacional,-1,,,
Remuneración de Administración AGF,gasto_operacional,-1,,,
Remuneración del Comité de Vigilancia,otro,1,,,
Remuneración del Comité de Vigilancia (-),otro,1,,,
Remuneración del comité de vigilancia,otro,1,,,
Remuneración del comité de vigilancia (-),otro,1,,,
Remuneración fija por pagar a Sociedad Administradora,gasto_operacional,-1,,,
Remuneración por Pagar AGF,otro,1,,,
Remuneración por pagar a Sociedad Administradora,gasto_operacional,-1,,,
Remuneración sociedad administradora,gasto_operacional,-1,,,
Remuneración variable por pagar a Sociedad Administradora,gasto_operacional,-1,,,
Repartos de dividendos,ingreso_operacional,1,,,
Repartos de dividendos (-),ingreso_operacional,1,,,
Repartos de patrimonio,patrimonio,1,,,
Repartos de patrimonio (-),patrimonio,1,,,
Resultado Realizado,patrimonio,1,,,
Resultado Realizado Enajenació,patrimonio,1,,,
Resultado Realizado Enajenación,patrimonio,1,,,
Resultado Realizados Intereses,patrimonio,1,,,
Resultado de inversiones valorizadas por el método de la participación,activo,1,,,
Resultado de inversiones valorizadas por el método de participación,activo,1,,,
Resultado del Ejercicio,patrimonio,1,,,
Resultado del Ejercicio (+ ó -),patrimonio,1,,,
Resultado del Ejercicio M$,patrimonio,1,,,
Resultado del ejercicio,patrimonio,1,,,
Resultado del ejercicio (+ ó -),patrimonio,1,,,
Resultado ejercicio,patrimonio,1,,,
Resultado en inversiones valorizadas por el método de la participación,gasto_no_operacional,-1,,,
Resultado en inversiones valorizadas por el método de la participación (+ o -),gasto_no_operacional,-1,,,
Resultado en inversiones valorizadas por el método de la participación (+ ó -),gasto_no_operacional,-1,,,
Resultado en venta de instrumentos financieros,gasto_no_operacional,-1,,,
Resultado en venta de instrumentos financieros (+ o -),gasto_no_operacional,-1,,,
Resultado en venta de instrumentos financieros (+ ó -),gasto_no_operacional,-1,,,
Resultado por operaciones con instrumentos derivados,patrimonio,1,,,
Resultado por operaciones con instrumentos derivados (+),patrimonio,1,,,
Resultado por operaciones con instrumentos derivados (-),patrimonio,1,,,
Resultado por venta de inmuebles,activo,1,,,
Resultado por venta de inmuebles (+),activo,1,,,
Resultado realizado enajenación,patrimonio,1,,,
Resultados Acumulados,patrimonio,1,,,
Resultados Acumulados (+ ó -),patrimonio,1,,,
Resultados Acumulados M$,patrimonio,1,,,
Resultados acumulados,patrimonio,1,,,
Resultados acumulados (+ ó -),patrimonio,1,,,
Resultados en venta de instrumentos,patrimonio,1,,,
Resultados integrales del ejercicio,patrimonio,1,,,
Resultados integrales del ejercicio (+ ó -),patrimonio,1,,,
Resultados no realizados,patrimonio,1,,,
Resultados por operaciones con instrumentos derivados,patrimonio,1,,,
Resultados por operaciones con instrumentos derivados (+ ó -),patrimonio,1,,,
Resultados por venta de inmuebles,activo,1,,,
Resultados realizados,patrimonio,1,,,
SALDO FINAL DE EFECTIVO Y EFECTIVO EQUIVALENTE,activo,1,,,
SALDO FINAL DE EFECTIVO Y EFECTIVO EQUIVALENTE (+ Ó -),activo,1,,,
SUBTOTAL,otro,1,,,
SUBTOTAL (+ Ó -),otro,1,,,
Saldo Final Efectivo y Equivalentes al Efectivo,activo,1,,,
Saldo Final efectivo y equivalentes al efectivo,activo,1,,,
Saldo Inicial Efectivo y Equivalentes al Efectivo,activo,1,,,
Saldo Inicial al 1 de enero de 2017,otro,1,,,
Saldo Inicial al 1 de enero de 2018,otro,1,,,
Saldo Inicial al 1 de enero de 2019,otro,1,,,
Saldo Inicial al 1 de enero de 2020,otro,1,,,
Saldo Inicial efectivo y equivalentes al efectivo,activo,1,,,
Saldo al 30 de junio de 2017,otro,1,,,
Saldo al 30 de junio de 2018,otro,1,,,
Saldo al 30 de junio de 2019,otro,1,,,
Saldo al 30 de septiembre de 2017,otro,1,,,
Saldo al 30 de septiembre de 2018,otro,1,,,
Saldo al 30 de septiembre de 2019,otro,1,,,
Saldo al 31 de diciembre de 2017,otro,1,,,
Saldo al 31 de diciembre de 2018,otro,1,,,
Saldo al 31 de diciembre de 2019,otro,1,,,
Saldo al 31 de diciembre de 2020,otro,1,,,
Saldo al 31 de marzo de 2018,otro,1,,,
Saldo al 31 de marzo de 2019,otro,1,,,
Saldo al 31 de marzo de 2020,otro,1,,,
Saldo de cierre,otro,1,,,
Saldo inicial,otro,1,,,
Saldo inicial al 01 de enero,otro,1,,,
Saldo inicial al 1 de enero,otro,1,,,
Saldo inicial de efectivo y efectivo equivalente,activo,1,,,
Saldo inicial de efectivo y efectivo equivalente (+),activo,1,,,
Saldo inicio,otro,1,,,
Saldo inicio (+ ó -),otro,1,,,
Saldo neto de diferencias de cambio (menos),otro,1,,,
Saldo neto deudor de diferencias de cambio,otro,1,,,
Saldo neto deudor de diferencias de cambio (-),otro,1,,,
Saldo neto deudor de diferencias de cambio (menos),otro,1,,,
Sanción de censura a Toesca S.A. Administradora General de Fondos,gasto_operacional,-1,,,
Serie A,otro,1,,,
Serie C,otro,1,,,
Serie I,otro,1,,,
Servicio Market Makers,otro,1,,,
Servicios Market Maker,otro,1,,,
Servicios de B.O.,otro,1,,,
Subtotal,otro,1,,,
TOTAL,otro,1,,,
TOTAL ACTIVO,otro,1,,,
TOTAL ACTIVO (+),otro,1,,,
TOTAL ACTIVO CORRIENTE,activo,1,,,
TOTAL ACTIVO CORRIENTE (+),activo,1,,,
TOTAL ACTIVO NO CORRIENTE,activo,1,,,
TOTAL ACTIVO NO CORRIENTE (+),activo,1,,,
TOTAL ACTIVOS,activo,1,,,
TOTAL ACTIVOS CORRIENTES,activo,1,,,
TOTAL ACTIVOS NO CORRIENTE,activo,1,,,
TOTAL DE OTROS RESULTADOS INTEGRALES,patrimonio,1,,,
TOTAL DE OTROS RESULTADOS INTEGRALES (+ Ó -),patrimonio,1,,,
TOTAL GASTOS DE OPERACION,gasto_operacional,-1,,,
TOTAL GASTOS DE OPERACION (-),gasto_operacional,-1,,,
TOTAL GASTOS DE OPERACIÓN,gasto_operacional,-1,,,
TOTAL GASTOS DE OPERACIÓN (-),gasto_operacional,-1,,,
TOTAL INGRESOS/(PÉRDIDAS) NETOS DE LA OPERACION,ingreso_operacional,1,,,
TOTAL INGRESOS/(PÉRDIDAS) NETOS DE LA OPERACION (+ o -),ingreso_operacional,1,,,
TOTAL INGRESOS/(PÉRDIDAS) NETOS DE LA OPERACIÓN,ingreso_operacional,1,,,
TOTAL INGRESOS/(PÉRDIDAS) NETOS DE LA OPERACIÓN (+ Ó -),ingreso_operacional,1,,,
TOTAL INGRESOS/(PÉRDIDAS) NETOS DE OPERACIÓN,ingreso_operacional,1,,,
TOTAL OPERACION (+ o -),otro,1,,,
TOTAL OTRAS RESERVAS,patrimonio,1,,,
TOTAL OTROS RESULTADOS INTEGRALES,patrimonio,1,,,
TOTAL OTROS RESULTADOS INTEGRALES (+ o -),patrimonio,1,,,
TOTAL PASIVO,pasivo,-1,,,
TOTAL PASIVO (+),pasivo,-1,,,
TOTAL PASIVO CORRIENTE,pasivo,-1,,,
TOTAL PASIVO CORRIENTE (+),pasivo,-1,,,
TOTAL PASIVO NO CORRIENTE,pasivo,-1,,,
TOTAL PASIVO NO CORRIENTE (+),pasivo,-1,,,
TOTAL PASIVOS CORRIENTES,pasivo,-1,,,
TOTAL PASIVOS NO CORRIENTES,pasivo,-1,,,
TOTAL PASIVOS Y PATRIMONIO,pasivo,-1,,,
TOTAL PATRIMONIO NETO,patrimonio,1,,,
TOTAL PATRIMONIO NETO (+ Ó -),patrimonio,1,,,
TOTAL RESULTADO INTEGRAL,patrimonio,1,,,
TOTAL RESULTADO INTEGRAL (+ o-),patrimonio,1,,,
TOTAL RESULTADO INTEGRAL (+ Ó -),patrimonio,1,,,
"TOTAL, M$",otro,1,,,
"TOTAL, OTRAS RESERVAS M$",patrimonio,1,,,
TOTALES,otro,1,,,
TOTALES (+ Ó -),otro,1,,,
Toesca Rentas Apoquindo,ingreso_operacional,1,,,
Toesca Rentas Inmobiliarias Apoquindo,ingreso_operacional,1,,,
Toesca Rentas Inmobiliarias Apoquindo - Activos corrientes,ingreso_operacional,1,,,
Toesca Rentas Inmobiliarias Apoquindo - Activos no corrientes,ingreso_operacional,1,,,
Toesca Rentas Inmobiliarias Apoquindo - Pasivos corrientes,ingreso_operacional,1,,,
Toesca Rentas Inmobiliarias Apoquindo - Pasivos no corrientes,ingreso_operacional,1,,,
Toesca Rentas Inmobiliarias Apoquindo - Patrimonio,ingreso_operacional,1,,,
Toesca Rentas Inmobiliarias Apoquindo - Resultado del ejercicio,ingreso_operacional,1,,,
Toesca Rentas Inmobiliarias Apoquindo - Total activos,ingreso_operacional,1,,,
Toesca Rentas Inmobiliarias Apoquindo - Total gastos,ingreso_operacional,1,,,
Toesca Rentas Inmobiliarias Apoquindo - Total ingresos,ingreso_operacional,1,,,
Toesca Rentas Inmobiliarias Apoquindo - Total pasivos,ingreso_operacional,1,,,
Toesca Rentas Inmobiliarias PT,ingreso_operacional,1,,,
Toesca Rentas Inmobiliarias PT (*),ingreso_operacional,1,,,
Toesca Rentas Inmobiliarias PT - Activos corrientes,ingreso_operacional,1,,,
Toesca Rentas Inmobiliarias PT - Activos no corrientes,ingreso_operacional,1,,,
Toesca Rentas Inmobiliarias PT - Pasivos corrientes,ingreso_operacional,1,,,
Toesca Rentas Inmobiliarias PT - Pasivos no corrientes,ingreso_operacional,1,,,
Toesca Rentas Inmobiliarias PT - Patrimonio,ingreso_operacional,1,,,
Toesca Rentas Inmobiliarias PT - Resultado del ejercicio,ingreso_operacional,1,,,
Toesca Rentas Inmobiliarias PT - Total activos,ingreso_operacional,1,,,
Toesca Rentas Inmobiliarias PT - Total gastos,ingreso_operacional,1,,,
Toesca Rentas Inmobiliarias PT - Total ingresos,ingreso_operacional,1,,,
Toesca Rentas Inmobiliarias PT - Total pasivos,ingreso_operacional,1,,,
Total,otro,1,,,
Total (pérdidas) / ganancias,gasto_no_operacional,-1,,,
Total (pérdidas) / ganancias netas,gasto_no_operacional,-1,,,
Total activo,otro,1,,,
Total activo corriente,activo,1,,,
Total activo no corriente,activo,1,,,
Total activos,activo,1,,,
Total activos financieros a costo amortizado,gasto_operacional,-1,,,
Total activos financieros a valor razonable con efectos en resultados,activo,1,,,
Total gastos,gasto_operacional,-1,,,
Total gastos de operación,gasto_operacional,-1,,,
Total ingresos,ingreso_operacional,1,,,
Total ingresos/pérdida de la operación,ingreso_operacional,1,,,
Total ingresos/pérdidas de la operación,ingreso_operacional,1,,,
Total operación,otro,1,,,
Total pasivo corriente,pasivo,-1,,,
Total pasivo no corriente,pasivo,-1,,,
Total pasivo y patrimonio,pasivo,-1,,,
Total pasivo y patrimonio neto,pasivo,-1,,,
Total pasivos,pasivo,-1,,,
Total pasivos corrientes,pasivo,-1,,,
Total pasivos no corrientes,pasivo,-1,,,
Total patrimonio,patrimonio,1,,,
Total patrimonio neto,patrimonio,1,,,
Total resultado integral,patrimonio,1,,,
Totales,otro,1,,,
Totales: M$,otro,1,,,
Títulos de deuda,pasivo,-1,,,
Títulos de deuda de Securitización,pasivo,-1,,,
Títulos de deuda de corto plazo,pasivo,-1,,,
Títulos de deuda de corto plazo registrados,pasivo,-1,,,
Títulos de deuda no registrados,pasivo,-1,,,
Títulos de deuda: Bonos registrados,pasivo,-1,,,
Títulos de deuda: Cartera de créditos y cobranza,pasivo,-1,,,
Títulos de deuda: Depósitos a plazo,pasivo,-1,,,
Títulos de deuda: Letras de créditos de bancos e instituciones financieras,activo,1,,,
Títulos de deuda: M$,pasivo,-1,,,
Títulos de deuda: Otros títulos de deuda,pasivo,-1,,,
Títulos de deuda: Otros títulos de deuda no registrados,pasivo,-1,,,
Títulos de deuda: Títulos de deuda de Securitización,pasivo,-1,,,
Títulos de deuda: Títulos de deuda de corto plazo registrados,pasivo,-1,,,
Títulos de deuda: Títulos emitidos o garantizados por Estado o Bancos Centrales,activo,1,,,
Títulos de renta variable: Acciones de sociedades anónimas abiertas,ingreso_operacional,1,,,
Títulos de renta variable: Certificados de depósitos de valores,ingreso_operacional,1,,,
Títulos de renta variable: Cuotas de Fondos Mutuos,ingreso_operacional,1,,,
Títulos de renta variable: Cuotas de Fondos de Inversión,ingreso_operacional,1,,,
Títulos de renta variable: Derechos preferentes de suscripción de acciones,ingreso_operacional,1,,,
Títulos de renta variable: M$,ingreso_operacional,1,,,
Títulos de renta variable: Otros títulos de renta variable,ingreso_operacional,1,,,
Títulos de renta variable: Títulos que representen productos,ingreso_operacional,1,,,
Títulos emitidos o garantizados por Estado o Bancos,activo,1,,,
Títulos emitidos o garantizados por Estado o Bancos Centrales,activo,1,,,
Títulos emitidos o garantizados por Estados o Bancos Centrales,activo,1,,,
Títulos o garantizados por Estado o Bancos Centrales,activo,1,,,
Títulos que representan productos,otro,1,,,
Títulos que representen productos,otro,1,,,
Títulos que representen productos de renta variable,ingreso_operacional,1,,,
UTILIDAD (PÉRDIDA) NETA REALIZADA DE INVERSIONES,gasto_no_operacional,-1,,,
UTILIDAD (PÉRDIDA) NETA REALIZADA DE INVERSIONES - Dividendos percibidos,ingreso_operacional,1,,,
UTILIDAD (PÉRDIDA) NETA REALIZADA DE INVERSIONES - Intereses percibidos en títulos de deuda,gasto_no_operacional,-1,,,
UTILIDAD (PÉRDIDA) NETA REALIZADA DE INVERSIONES - Otros,gasto_no_operacional,-1,,,
UTILIDAD (PÉRDIDA) REALIZADA NO DISTRIBUIDA,gasto_no_operacional,-1,,,
UTILIDAD (PÉRDIDA) REALIZADA NO DISTRIBUIDA (+ Ó -),gasto_no_operacional,-1,,,
UTILIDAD (PÉRDIDA) REALIZADA NO DISTRIBUIDA(+ Ó -),gasto_no_operacional,-1,,,
UTILIDAD NETA REALIZADA DE INVERSIONES (+ Ó -),activo,1,,,
UTILIDAD NO REALIZADA DE INVERSIONES,activo,1,,,
UTILIDAD NO REALIZADA DE INVERSIONES (+),activo,1,,,
UTILIDAD(PERDIDA) NETA REALIZADA DE INVERSIONES,activo,1,,,
UTILIDAD(PERDIDA) NETA REALIZADA DE INVERSIONES (+ Ó -),activo,1,,,
UTILIDAD(PÉRDIDA) NETA REALIZADA DE INVERSIONES (+ Ó -),gasto_no_operacional,-1,,,
UTILIDAD/(PÉRDIDA) ANTES DE IMPUESTO,gasto_no_operacional,-1,,,
UTILIDAD/(PÉRDIDA) ANTES DE IMPUESTO (+ o -),gasto_no_operacional,-1,,,
UTILIDAD/(PÉRDIDA) ANTES DE IMPUESTO (+ Ó -),gasto_no_operacional,-1,,,
UTILIDAD/(PÉRDIDA) DE LA OPERACION,gasto_no_operacional,-1,,,
UTILIDAD/(PÉRDIDA) DE LA OPERACION (+ o -),gasto_no_operacional,-1,,,
UTILIDAD/(PÉRDIDA) DE LA OPERACIÓN,gasto_no_operacional,-1,,,
UTILIDAD/(PÉRDIDA) DE LA OPERACIÓN (+ Ó -),gasto_no_operacional,-1,,,
Utilidad (pérdida) neta realizada de inversiones,gasto_no_operacional,-1,,,
Utilidad (pérdida) neta realizada de inversiones (+ ó -),gasto_no_operacional,-1,,,
Utilidad (pérdida) realizada no distribuida,gasto_no_operacional,-1,,,
Utilidad (pérdida) realizada no distribuida inicial,gasto_no_operacional,-1,,,
Utilidad de la operación,patrimonio,1,,,
Utilidad del ejercicio,patrimonio,1,,,
Utilidad devengada acumulada realizada en ejercicio,patrimonio,1,,,
Utilidad devengada acumulada realizada en ejercicio (+),patrimonio,1,,,
Utilidad por fluctuación cuotas de fondos mutuos money market,patrimonio,1,,,
Valor Mercado cuota,otro,1,,,
Valor libro cuota,otro,1,,,
Valor libro cuota Serie A,otro,1,,,
Valor libro cuota Serie C,otro,1,,,
Valor libro cuota Serie I,otro,1,,,
Valor libro cuota Serie WM,otro,1,,,
Valorización de Certificados de Depósitos de Valores,otro,1,,,
Valorización de Certificados de Depósitos de Valores (+),otro,1,,,
Valorización de acciones de sociedades anónimas,otro,1,,,
Valorización de acciones de sociedades anónimas (+),otro,1,,,
Valorización de acciones de sociedades anónimas (-),otro,1,,,
Valorización de bienes raíces,otro,1,,,
Valorización de bienes raíces (+),otro,1,,,
Valorización de bienes raíces (-),otro,1,,,
Valorización de certificados de Depósito de Valores,otro,1,,,
Valorización de certificados de Depósito de Valores (-),otro,1,,,
Valorización de cuotas de Fondos de inversión,otro,1,,,
Valorización de cuotas de Fondos mutuos,otro,1,,,
Valorización de cuotas de fondos de inversión,otro,1,,,
Valorización de cuotas de fondos de inversión (+),otro,1,,,
Valorización de cuotas de fondos de inversión (-),otro,1,,,
Valorización de cuotas de fondos mutuos,otro,1,,,
Valorización de cuotas de fondos mutuos (+),otro,1,,,
Valorización de cuotas de fondos mutuos (-),otro,1,,,
Valorización de cuotas o derechos en comunidades sobre bienes muebles,otro,1,,,
Valorización de cuotas o derechos en comunidades sobre bienes muebles (+),otro,1,,,
Valorización de cuotas o derechos en comunidades sobre bienes muebles (-),otro,1,,,
Valorización de títulos de deuda,pasivo,-1,,,
Valorización de títulos de deuda (+),pasivo,-1,,,
Valorización de títulos de deuda (-),pasivo,-1,,,
Variaciones en valor razonable de propiedades de inversión,otro,1,,,
Variaciones en valor razonable de propiedades de inversión (+ o -),otro,1,,,
Variaciones en valor razonable de propiedades de inversión (+ ó -),otro,1,,,
Venta de activos Financieros,activo,1,,,
Venta de activos financieros,activo,1,,,
Venta de activos financieros (+),activo,1,,,
Venta de inmuebles,activo,1,,,
Venta de inmuebles (+),activo,1,,,
Ventas,ingreso_operacional,1,,,
ajustes por conversión (+ o -),otro,1,,,
ajustes provenientes de inversiones valorizadas por el método de la participación (+ o -),activo,1,,,
cambios netos en valor razonable de activos financieros y pasivos financieros a valor razonable con efecto en resultados (+ o -),activo,1,,,
cobertura de flujo de caja (+),activo,1,,,
comisión de administración (-),gasto_operacional,-1,,,
costos de transacción (-),gasto_operacional,-1,,,
costos financieros (-),gasto_operacional,-1,,,
depreciaciones (-),gasto_operacional,-1,,,
diferencias de cambio netas sobre activos financieros a costo amortizado (+ o -),gasto_operacional,-1,,,
diferencias de cambio netas sobre efectivo y efectivo equivalente (+ o -),activo,1,,,
honorarios por custodia y administración (-),gasto_operacional,-1,,,
impuesto a las ganancias por inversiones en el exterior,activo,1,,,
ingreso por arriendo de bienes raíces (+),ingreso_operacional,1,,,
ingresos por dividendos,ingreso_operacional,1,,,
intereses y reajustes,otro,1,,,
otros (+ o -),otro,1,,,
otros ajustes al patrimonio neto (+ o -),patrimonio,1,,,
otros gastos de operación (-),gasto_operacional,-1,,,
remuneración del comité de vigilancia (-),otro,1,,,
resultado del ejercicio (+ o -),patrimonio,1,,,
resultado en inversiones valorizadas por el método de la participación (+ o -),gasto_no_operacional,-1,,,
resultado en venta de instrumentos financieros (+ o -),gasto_no_operacional,-1,,,
resultado por venta de inmuebles (+),activo,1,,,
total gastos de operacion (-),gasto_operacional,-1,,,
total ingresos/(pérdidas) netos de la operacion (+ o -),ingreso_operacional,1,,,
total otros resultados integrales (+ o -),patrimonio,1,,,
total resultado integral (+ o-),patrimonio,1,,,
utilidad/(pérdida) antes de impuesto (+ o -),gasto_no_operacional,-1,,,
utilidad/(pérdida) de la operacion (+ o -),gasto_no_operacional,-1,,,
variaciones en valor razonable de propiedades de inversión (+ o -),otro,1,,,
